index_name,ticker
FTSE世界国債,2511.T
FTSE世界国債,2512.T
FTSE世界国債,2853.T
JPX/S&P 設備・人材投資指数,1484.T
JPX日経400,1364.T
JPX日経400,1474.T
JPX日経400,1493.T
JPX日経400,1591.T
JPX日経400,1592.T
JPX日経400,1593.T
JPX日経400,1599.T
JPX日経400,159A.T
JPX日経400,2017.T
JPX日経400,2526.T
JPX日経400,2567.T
LBMA金,1328.T
LBMA金,1632.T
MSCI ジャパン高配当,1399.T
MSCI ジャパン高配当,1478.T
MSCI ジャパン高配当,1489.T
MSCI ジャパン高配当,1494.T
MSCI ジャパン高配当,1577.T
MSCI ジャパン高配当,1651.T
MSCI ジャパン高配当,2011.T
MSCI ジャパン高配当,2084.T
MSCI ジャパン高配当,2085.T
MSCI ジャパン高配当,235A.T
MSCI ジャパン高配当,2849.T
MSCI ジャパン高配当,354A.T
MSCI ジャパン高配当,399A.T
MSCI ジャパン高配当,461A.T
MSCIエマージング,1681.T
MSCIエマージング,2520.T
MSCI日本株最小分散,1477.T
MSCI日本株最小分散,1554.T
MSCI日本株最小分散,1657.T
MSCI日本株最小分散,2250.T
MSCI日本株最小分散,234A.T
MSCI日本株最小分散,2518.T
MSCI日本株最小分散,2564.T
MSCI日本株最小分散,2636.T
MSCI日本株最小分散,2643.T
MSCI日本株最小分散,2848.T
MSCI日本株最小分散,2851.T
MSCI日本株最小分散,294A.T
NASDAQ100,1545.T
NASDAQ100,2087.T
NASDAQ100,2568.T
NASDAQ100,2569.T
NASDAQ100,2840.T
NASDAQ100,2841.T
NASDAQ100,2845.T
S&P500,1547.T
S&P500,1655.T
S&P500,2086.T
S&P500,2247.T
S&P500,2248.T
S&P500,2521.T
S&P500,2558.T
S&P500,2563.T
S&P500,2630.T
S&P500,2633.T
S&P500,2634.T
TOPIX-17 小売,1630.T
ブルームバーグ・フランス国債,2092.T
ブルームバーグ・フランス国債,2246.T
ブルームバーグ・フランス国債,2259.T
ブルームバーグ・フランス国債,2861.T
ブルームバーグ・フランス国債,2862.T
ブルームバーグ米国国債,181A.T
ブルームバーグ米国国債,182A.T
ブルームバーグ米国国債,183A.T
ブルームバーグ米国国債,2015.T
ブルームバーグ米国国債,2016.T
ブルームバーグ米国国債,2090.T
ブルームバーグ米国国債,2245.T
ブルームバーグ米国国債,2647.T
ブルームバーグ米国国債,2648.T
ブルームバーグ米国国債,2838.T
ブルームバーグ米国国債,2839.T
ブルームバーグ米国国債,376A.T
ブルームバーグ米国国債,381A.T
ブルームバーグ米国国債,382A.T
情報通信サービス,1626.T
新興国債券,1486.T
新興国債券,1487.T
新興国債券,1566.T
新興国債券,2256.T
新興国債券,2510.T
新興国債券,2519.T
新興国債券,2622.T
東証REIT Core,2527.T
東証REIT Core,2528.T
東証REIT Core,360A.T
東証REIT配当込,1343.T
東証REIT配当込,1345.T
東証REIT配当込,1398.T
東証REIT配当込,1488.T
東証REIT配当込,1555.T
東証REIT配当込,1595.T
東証REIT配当込,2018.T
東証REIT配当込,2515.T
東証REIT配当込,2552.T
東証REIT配当込,2555.T
東証REIT配当込,2556.T
東証REIT配当込,2864.T
東証REIT配当込,396A.T
東証REIT配当込,443A.T
東証REIT配当込,489A.T
東証配当フォーカス100,1698.T
野村高利回りJリート,1476.T
野村高利回りJリート,1597.T
野村高利回りJリート,1660.T
野村高利回りJリート,2096.T
野村高利回りJリート,2097.T
野村高利回りJリート,2098.T
野村高利回りJリート,210A.T
野村高利回りJリート,2517.T
野村高利回りJリート,2565.T
野村高利回りJリート,2852.T
野村高利回りJリート,2855.T
野村高利回りJリート,459A.T
